{ 
  "latest": {
    "snapshot": "1.8.2-pre1",
    "release": "1.8.1"
  },
  "versions": [
    {
      "id": "1.8.2-pre1",
      "time": "2014-12-18T11:29:41+00:00",
      "releaseTime": "2014-12-18T11:29:41+00:00",
      "type": "snapshot"
    },
    {
      "id": "1.8.1",
      "time": "2014-11-24T14:13:31+00:00",
      "releaseTime": "2014-11-24T14:13:31+00:00",
      "type": "release"
    },
    {
      "id": "1.8.1-pre5",
      "time": "2014-11-19T14:30:48+00:00",
      "releaseTime": "2014-11-19T14:30:48+00:00",
      "type": "snapshot"
    },
    {
      "id": "1.8.1-pre4",
      "time": "2014-11-06T14:10:50+00:00",
      "releaseTime": "2014-11-06T14:10:50+00:00",
      "type": "snapshot"
    },
    {
      "id": "1.8.1-pre3",
      "time": "2014-10-23T12:59:42+00:00",
      "releaseTime": "2014-10-23T12:59:42+00:00",
      "type": "snapshot"
    },
    {
      "id": "1.8.1-pre2",
      "time": "2014-10-16T14:19:27+00:00",
      "releaseTime": "2014-10-16T14:19:27+00:00",
      "type": "snapshot"
    },
    {
      "id": "1.8.1-pre1",
      "time": "2014-10-15T13:25:11+00:00",
      "releaseTime": "2014-10-15T13:25:11+00:00",
      "type": "snapshot"
    },
    {
      "id": "1.8",
      "time": "2014-09-02T08:24:35+00:00",
      "releaseTime": "2014-09-02T08:24:35+00:00",
      "type": "release"
    },
    {
      "id": "14w34d",
      "time": "2014-08-20T12:46:59+00:00",
      "releaseTime": "2014-08-20T12:46:59+00:00",
      "type": "snapshot"
    },
    {
      "id": "14w33c",
      "time": "2014-08-15T18:00:26+00:00",
      "releaseTime": "2014-08-15T18:00:26+00:00",
      "type": "snapshot"
    },
    {
      "id": "14w32d",
      "time": "2014-08-08T15:13:41+00:00",
      "releaseTime": "2014-08-08T15:13:41+00:00",
      "type": "snapshot"
    },
    {
      "id": "14w31a",
      "time": "2014-07-30T15:38:05+00:00",
      "releaseTime": "2014-07-30T15:38:05+00:00",
      "type": "snapshot"
    },
    {
      "id": "14w30c",
      "time": "2014-07-24T14:39:09+00:00",
      "releaseTime": "2014-07-24T14:39:09+00:00",
      "type": "snapshot"
    },
    {
      "id": "14w29b",
      "time": "2014-07-16T17:27:40+00:00",
      "releaseTime": "2014-07-16T17:27:40+00:00",
      "type": "snapshot"
    },
    {
      "id": "14w28b",
      "time": "2014-07-10T14:28:48+00:00",
      "releaseTime": "2014-07-10T14:28:48+00:00",
      "type": "snapshot"
    },
    {
      "id": "14w27b",
      "time": "2014-07-02T18:34:56+00:00",
      "releaseTime": "2014-07-02T18:34:56+00:00",
      "type": "snapshot"
    },
    {
      "id": "14w26c",
      "time": "2014-06-26T15:05:03+00:00",
      "releaseTime": "2014-06-26T15:05:03+00:00",
      "type": "snapshot"
    },
    {
      "id": "1.7.10",
      "time": "2014-05-14T19:29:23+02:00",
      "releaseTime": "2014-05-14T19:29:23+02:00",
      "type": "release"
    },
    {
      "id": "14w25b",
      "time": "2014-06-19T12:29:48+00:00",
      "releaseTime": "2014-06-19T12:29:48+00:00",
      "type": "snapshot"
    },
    {
      "id": "1.7.10-pre4",
      "time": "2014-05-14T18:29:23+02:00",
      "releaseTime": "2014-05-14T18:29:23+02:00",
      "type": "snapshot"
    },
    {
      "id": "1.7.10-pre3",
      "time": "2014-05-14T17:29:23+02:00",
      "releaseTime": "2014-05-14T17:29:23+02:00",
      "type": "snapshot"
    },
    {
      "id": "1.7.10-pre2",
      "time": "2014-05-14T16:29:23+02:00",
      "releaseTime": "2014-05-14T16:29:23+02:00",
      "type": "snapshot"
    },
    {
      "id": "1.7.10-pre1",
      "time": "2014-05-14T15:29:23+02:00",
      "releaseTime": "2014-05-14T15:29:23+02:00",
      "type": "snapshot"
    },
    {
      "id": "14w21b",
      "time": "2014-05-22T15:17:55+00:00",
      "releaseTime": "2014-05-22T15:17:55+00:00",
      "type": "snapshot"
    },
    {
      "id": "14w20b",
      "time": "2014-05-15T16:47:21+00:00",
      "releaseTime": "2014-05-15T16:47:21+00:00",
      "type": "snapshot"
    },
    {
      "id": "14w19a",
      "time": "2014-05-08T14:24:19+00:00",
      "releaseTime": "2014-05-08T14:24:19+00:00",
      "type": "snapshot"
    },
    {
      "id": "14w18b",
      "time": "2014-05-02T11:38:17+00:00",
      "releaseTime": "2014-05-02T11:38:17+00:00",
      "type": "snapshot"
    },
    {
      "id": "14w17a",
      "time": "2014-04-24T15:44:49+00:00",
      "releaseTime": "2014-04-24T15:44:49+00:00",
      "type": "snapshot"
    },
    {
      "id": "14w11b",
      "time": "2014-04-14T16:36:19+02:00",
      "releaseTime": "2014-04-14T16:36:19+02:00",
      "type": "snapshot"
    },
    {
      "id": "1.7.9",
      "time": "2014-04-14T15:29:23+02:00",
      "releaseTime": "2014-04-14T15:29:23+02:00",
      "type": "release"
    },
    {
      "id": "14w10c",
      "time": "2014-04-02T12:00:00+02:00",
      "releaseTime": "2014-03-07T14:49:55+01:00",
      "type": "snapshot"
    },
    {
      "id": "14w08a",
      "time": "2014-04-02T12:00:00+02:00",
      "releaseTime": "2014-02-26T18:00:00+01:00",
      "type": "snapshot"
    },
    {
      "id": "1.7.5",
      "time": "2014-04-02T12:00:00+02:00",
      "releaseTime": "2014-02-26T10:22:17+01:00",
      "type": "release"
    },
    {
      "id": "14w07a",
      "time": "2014-02-14T11:05:07+00:00",
      "releaseTime": "2014-02-14T11:05:07+00:00",
      "type": "snapshot"
    },
    {
      "id": "14w06b",
      "time": "2014-02-06T18:30:42+01:00",
      "releaseTime": "2014-02-06T18:30:42+01:00",
      "type": "snapshot"
    },
    {
      "id": "14w05b",
      "time": "2014-01-31T15:05:50+01:00",
      "releaseTime": "2014-01-31T15:05:50+01:00",
      "type": "snapshot"
    },
    {
      "id": "14w04b",
      "time": "2014-01-24T16:55:13+01:00",
      "releaseTime": "2014-01-24T16:48:46+01:00",
      "type": "snapshot"
    },
    {
      "id": "14w03b",
      "time": "2014-01-16T17:36:19+01:00",
      "releaseTime": "2014-01-16T17:36:19+01:00",
      "type": "snapshot"
    },
    {
      "id": "14w02c",
      "time": "2014-01-10T16:42:36+01:00",
      "releaseTime": "2014-01-10T16:42:36+01:00",
      "type": "snapshot"
    },
    {
      "id": "1.7.4",
      "time": "2014-04-02T12:00:00+02:00",
      "releaseTime": "2013-12-09T13:28:10+01:00",
      "type": "release"
    },
    {
      "id": "1.7.3",
      "time": "2013-12-06T14:55:34+01:00",
      "releaseTime": "2013-12-06T14:55:34+01:00",
      "type": "snapshot"
    },
    {
      "id": "1.7.2",
      "time": "2014-04-02T12:00:00+02:00",
      "releaseTime": "2013-10-25T15:00:00+02:00",
      "type": "release"
    },
    {
      "id": "1.7.1",
      "time": "2013-10-23T14:01:07+02:00",
      "releaseTime": "2013-10-23T14:01:07+02:00",
      "type": "snapshot"
    },
    {
      "id": "1.7",
      "time": "2013-10-22T18:05:00+02:00",
      "releaseTime": "2013-10-22T17:04:05+02:00",
      "type": "snapshot"
    },
    {
      "id": "1.6.4",
      "time": "2014-04-02T12:00:00+02:00",
      "releaseTime": "2013-09-19T17:52:37+02:00",
      "type": "release"
    },
    {
      "id": "1.6.2",
      "time": "2013-08-06T13:00:00+02:00",
      "releaseTime": "2013-07-05T15:09:02+02:00",
      "type": "release"
    },
    {
      "id": "1.6.1",
      "time": "2013-08-06T13:00:00+02:00",
      "releaseTime": "2013-06-28T16:48:41+02:00",
      "type": "release"
    },
    {
      "id": "1.6",
      "time": "2013-08-06T13:00:00+02:00",
      "releaseTime": "2013-06-25T15:08:56+02:00",
      "type": "snapshot"
    },
    {
      "id": "1.5.2",
      "time": "2013-08-06T13:00:00+02:00",
      "releaseTime": "2013-04-25T17:45:00+02:00",
      "type": "release"
    },
    {
      "id": "1.5.1",
      "time": "2013-08-06T13:00:00+02:00",
      "releaseTime": "2013-03-20T12:00:00+02:00",
      "type": "release"
    },
    {
      "id": "1.5",
      "time": "2013-08-06T13:00:00+02:00",
      "releaseTime": "2013-03-07T00:00:00+02:00",
      "type": "snapshot"
    },
    {
      "id": "1.4.7",
      "time": "2013-08-06T13:00:00+02:00",
      "releaseTime": "2012-12-28T00:00:00+02:00",
      "type": "release"
    },
    {
      "id": "1.4.6",
      "time": "2013-08-06T13:00:00+02:00",
      "releaseTime": "2012-12-20T00:00:00+02:00",
      "type": "release"
    },
    {
      "id": "1.4.5",
      "time": "2013-08-06T13:00:00+02:00",
      "releaseTime": "2012-12-20T00:00:00+02:00",
      "type": "release"
    },
    {
      "id": "1.4.4",
      "time": "2013-08-06T13:00:00+02:00",
      "releaseTime": "2012-12-14T00:00:00+02:00",
      "type": "release"
    },
    {
      "id": "1.4.3",
      "time": "2013-08-06T13:00:00+02:00",
      "releaseTime": "2012-12-01T00:00:00+02:00",
      "type": "snapshot"
    },
    {
      "id": "1.4.2",
      "time": "2013-08-06T13:00:00+02:00",
      "releaseTime": "2012-11-25T00:00:00+02:00",
      "type": "release"
    },
    {
      "id": "1.4.1",
      "time": "2013-08-06T13:00:00+02:00",
      "releaseTime": "2012-11-23T00:00:00+02:00",
      "type": "snapshot"
    },
    {
      "id": "1.4",
      "time": "2013-08-06T13:00:00+02:00",
      "releaseTime": "2012-11-19T00:00:00+02:00",
      "type": "snapshot"
    },
    {
      "id": "1.3.2",
      "time": "2013-08-06T13:00:00+02:00",
      "releaseTime": "2012-08-16T00:00:00+02:00",
      "type": "release"
    },
    {
      "id": "1.3.1",
      "time": "2013-08-06T13:00:00+02:00",
      "releaseTime": "2012-08-01T00:00:00+02:00",
      "type": "release"
    },
    {
      "id": "1.3",
      "time": "2013-08-06T13:00:00+02:00",
      "releaseTime": "2012-07-26T00:00:00+02:00",
      "type": "snapshot"
    },
    {
      "id": "1.2.5",
      "time": "2013-08-06T13:00:00+02:00",
      "releaseTime": "2012-03-30T00:00:00+02:00",
      "type": "release"
    },
    {
      "id": "1.2.4",
      "time": "2013-08-06T13:00:00+02:00",
      "releaseTime": "2012-03-22T00:00:00+02:00",
      "type": "release"
    },
    {
      "id": "1.2.3",
      "time": "2013-08-06T13:00:00+02:00",
      "releaseTime": "2012-03-02T00:00:00+02:00",
      "type": "release"
    },
    {
      "id": "1.2.2",
      "time": "2013-08-06T13:00:00+02:00",
      "releaseTime": "2012-03-01T00:00:01+02:00",
      "type": "release"
    },
    {
      "id": "1.2.1",
      "time": "2013-08-06T13:00:00+02:00",
      "releaseTime": "2012-03-01T00:00:00+02:00",
      "type": "release"
    },
    {
      "id": "1.1",
      "time": "2013-08-06T13:00:00+02:00",
      "releaseTime": "2012-01-12T00:00:00+02:00",
      "type": "release"
    },
    {
      "id": "1.0",
      "time": "2013-08-06T13:00:00+02:00",
      "releaseTime": "2011-11-18T00:00:00+02:00",
      "type": "release"
    },
    {
      "id": "b1.8.1",
      "time": "2013-08-06T13:00:00+02:00",
      "releaseTime": "2011-09-19T00:00:00+02:00",
      "type": "old_beta"
    },
    {
      "id": "b1.8",
      "time": "2013-08-06T13:00:00+02:00",
      "releaseTime": "2011-09-15T00:00:00+02:00",
      "type": "old_beta"
    },
    {
      "id": "b1.7.3",
      "time": "2013-08-06T13:00:00+02:00",
      "releaseTime": "2011-07-08T00:00:00+02:00",
      "type": "old_beta"
    },
    {
      "id": "b1.7.2",
      "time": "2013-08-06T13:00:00+02:00",
      "releaseTime": "2011-07-01T00:00:00+02:00",
      "type": "old_beta"
    },
    {
      "id": "b1.7",
      "time": "2013-08-06T13:00:00+02:00",
      "releaseTime": "2011-06-30T00:00:00+02:00",
      "type": "old_beta"
    },
    {
      "id": "b1.6.6",
      "time": "2013-08-06T13:00:00+02:00",
      "releaseTime": "2011-05-31T00:00:00+02:00",
      "type": "old_beta"
    },
    {
      "id": "b1.6.5",
      "time": "2013-08-06T13:00:00+02:00",
      "releaseTime": "2011-05-28T00:00:00+02:00",
      "type": "old_beta"
    },
    {
      "id": "b1.6.4",
      "time": "2013-08-06T13:00:00+02:00",
      "releaseTime": "2011-05-26T00:00:04+02:00",
      "type": "old_beta"
    },
    {
      "id": "b1.6.3",
      "time": "2013-08-06T13:00:00+02:00",
      "releaseTime": "2011-05-26T00:00:03+02:00",
      "type": "old_beta"
    },
    {
      "id": "b1.6.2",
      "time": "2013-08-06T13:00:00+02:00",
      "releaseTime": "2011-05-26T00:00:02+02:00",
      "type": "old_beta"
    },
    {
      "id": "b1.6.1",
      "time": "2013-08-06T13:00:00+02:00",
      "releaseTime": "2011-05-26T00:00:01+02:00",
      "type": "old_beta"
    },
    {
      "id": "b1.6",
      "time": "2013-08-06T13:00:00+02:00",
      "releaseTime": "2011-05-26T00:00:00+02:00",
      "type": "old_beta"
    },
    {
      "id": "b1.5_01",
      "time": "2013-08-06T13:00:00+02:00",
      "releaseTime": "2011-04-20T00:00:00+02:00",
      "type": "old_beta"
    },
    {
      "id": "b1.5",
      "time": "2013-08-06T13:00:00+02:00",
      "releaseTime": "2011-04-19T00:00:00+02:00",
      "type": "old_beta"
    },
    {
      "id": "b1.4_01",
      "time": "2013-08-06T13:00:00+02:00",
      "releaseTime": "2011-04-05T00:00:00+02:00",
      "type": "old_beta"
    },
    {
      "id": "b1.4",
      "time": "2013-08-06T13:00:00+02:00",
      "releaseTime": "2011-03-31T00:00:00+02:00",
      "type": "old_beta"
    },
    {
      "id": "b1.3_01",
      "time": "2013-08-06T13:00:00+02:00",
      "releaseTime": "2011-02-23T00:00:00+02:00",
      "type": "old_beta"
    },
    {
      "id": "b1.3b",
      "time": "2013-08-06T13:00:00+02:00",
      "releaseTime": "2011-02-22T00:00:00+02:00",
      "type": "old_beta"
    },
    {
      "id": "b1.2_02",
      "time": "2013-08-06T13:00:00+02:00",
      "releaseTime": "2011-01-21T00:00:00+02:00",
      "type": "old_beta"
    },
    {
      "id": "b1.2_01",
      "time": "2013-08-06T13:00:00+02:00",
      "releaseTime": "2011-01-14T00:00:00+02:00",
      "type": "old_beta"
    },
    {
      "id": "b1.2",
      "time": "2013-08-06T13:00:00+02:00",
      "releaseTime": "2011-01-13T00:00:00+02:00",
      "type": "old_beta"
    },
    {
      "id": "b1.1_02",
      "time": "2013-08-06T13:00:00+02:00",
      "releaseTime": "2010-12-22T00:00:01+02:00",
      "type": "old_beta"
    },
    {
      "id": "b1.1_01",
      "time": "2013-08-06T13:00:00+02:00",
      "releaseTime": "2010-12-22T00:00:00+02:00",
      "type": "old_beta"
    },
    {
      "id": "b1.0.2",
      "time": "2013-08-06T13:00:00+02:00",
      "releaseTime": "2010-12-21T00:00:00+02:00",
      "type": "old_beta"
    },
    {
      "id": "b1.0_01",
      "time": "2013-08-06T13:00:00+02:00",
      "releaseTime": "2010-12-20T00:00:01+02:00",
      "type": "old_beta"
    },
    {
      "id": "b1.0",
      "time": "2013-08-06T13:00:00+02:00",
      "releaseTime": "2010-12-20T00:00:00+02:00",
      "type": "old_beta"
    },
    {
      "id": "a1.2.6",
      "time": "2013-08-06T13:00:00+02:00",
      "releaseTime": "2010-12-03T00:00:00+02:00",
      "type": "old_alpha"
    },
    {
      "id": "a1.2.5",
      "time": "2013-08-06T13:00:00+02:00",
      "releaseTime": "2010-12-01T00:00:00+02:00",
      "type": "old_alpha"
    },
    {
      "id": "a1.2.4_01",
      "time": "2013-08-06T13:00:00+02:00",
      "releaseTime": "2010-11-30T00:00:00+02:00",
      "type": "old_alpha"
    },
    {
      "id": "a1.2.3_04",
      "time": "2013-08-06T13:00:00+02:00",
      "releaseTime": "2010-11-26T00:00:00+02:00",
      "type": "old_alpha"
    },
    {
      "id": "a1.2.3_02",
      "time": "2013-08-06T13:00:00+02:00",
      "releaseTime": "2010-11-25T00:00:00+02:00",
      "type": "old_alpha"
    },
    {
      "id": "a1.2.3_01",
      "time": "2013-08-06T13:00:00+02:00",
      "releaseTime": "2010-11-24T00:00:01+02:00",
      "type": "old_alpha"
    },
    {
      "id": "a1.2.3",
      "time": "2013-08-06T13:00:00+02:00",
      "releaseTime": "2010-11-24T00:00:00+02:00",
      "type": "old_alpha"
    },
    {
      "id": "a1.2.2b",
      "time": "2013-08-06T13:00:00+02:00",
      "releaseTime": "2010-11-10T00:00:01+02:00",
      "type": "old_alpha"
    },
    {
      "id": "a1.2.2a",
      "time": "2013-08-06T13:00:00+02:00",
      "releaseTime": "2010-11-10T00:00:00+02:00",
      "type": "old_alpha"
    },
    {
      "id": "a1.2.1_01",
      "time": "2013-08-06T13:00:00+02:00",
      "releaseTime": "2010-11-05T00:00:01+02:00",
      "type": "old_alpha"
    },
    {
      "id": "a1.2.1",
      "time": "2013-08-06T13:00:00+02:00",
      "releaseTime": "2010-11-05T00:00:00+02:00",
      "type": "old_alpha"
    },
    {
      "id": "a1.2.0_02",
      "time": "2013-08-06T13:00:00+02:00",
      "releaseTime": "2010-11-04T00:00:00+02:00",
      "type": "old_alpha"
    },
    {
      "id": "a1.2.0_01",
      "time": "2013-08-06T13:00:00+02:00",
      "releaseTime": "2010-10-31T00:00:00+02:00",
      "type": "old_alpha"
    },
    {
      "id": "a1.2.0",
      "time": "2013-08-06T13:00:00+02:00",
      "releaseTime": "2010-10-30T00:00:00+02:00",
      "type": "old_alpha"
    },
    {
      "id": "a1.1.2_01",
      "time": "2013-08-06T13:00:00+02:00",
      "releaseTime": "2010-09-23T00:00:00+02:00",
      "type": "old_alpha"
    },
    {
      "id": "a1.1.2",
      "time": "2013-08-06T13:00:00+02:00",
      "releaseTime": "2010-09-20T00:00:00+02:00",
      "type": "old_alpha"
    },
    {
      "id": "a1.1.0",
      "time": "2013-08-06T13:00:00+02:00",
      "releaseTime": "2010-09-13T00:00:00+02:00",
      "type": "old_alpha"
    },
    {
      "id": "a1.0.17_04",
      "time": "2013-08-06T13:00:00+02:00",
      "releaseTime": "2010-08-23T00:00:00+02:00",
      "type": "old_alpha"
    },
    {
      "id": "a1.0.17_02",
      "time": "2013-08-06T13:00:00+02:00",
      "releaseTime": "2010-08-20T00:00:00+02:00",
      "type": "old_alpha"
    },
    {
      "id": "a1.0.16",
      "time": "2013-08-06T13:00:00+02:00",
      "releaseTime": "2010-08-12T00:00:00+02:00",
      "type": "old_alpha"
    },
    {
      "id": "a1.0.15",
      "time": "2013-08-06T13:00:00+02:00",
      "releaseTime": "2010-08-04T00:00:00+02:00",
      "type": "old_alpha"
    },
    {
      "id": "a1.0.14",
      "time": "2013-08-06T13:00:00+02:00",
      "releaseTime": "2010-07-30T00:00:00+02:00",
      "type": "old_alpha"
    },
    {
      "id": "a1.0.11",
      "time": "2013-08-06T13:00:00+02:00",
      "releaseTime": "2010-07-23T00:00:00+02:00",
      "type": "old_alpha"
    },
    {
      "id": "a1.0.5_01",
      "time": "2013-08-06T13:00:00+02:00",
      "releaseTime": "2010-07-13T00:00:00+02:00",
      "type": "old_alpha"
    },
    {
      "id": "a1.0.4",
      "time": "2013-08-06T13:00:00+02:00",
      "releaseTime": "2010-07-09T00:00:00+02:00",
      "type": "old_alpha"
    },
    {
      "id": "inf-20100618",
      "time": "2013-08-06T16:33:30+02:00",
      "releaseTime": "2010-06-16T00:00:00+02:00",
      "type": "old_alpha"
    },
    {
      "id": "c0.30_01c",
      "time": "2013-08-06T16:33:30+02:00",
      "releaseTime": "2009-12-22T00:00:00+02:00",
      "type": "old_alpha"
    },
    {
      "id": "c0.0.13a_03",
      "time": "2013-08-06T16:33:30+02:00",
      "releaseTime": "2009-05-22T00:00:00+02:00",
      "type": "old_alpha"
    },
    {
      "id": "c0.0.13a",
      "time": "2013-08-07T11:09:29+02:00",
      "releaseTime": "2009-05-31T00:00:00+02:00",
      "type": "old_alpha"
    },
    {
      "id": "c0.0.11a",
      "time": "2013-08-07T11:09:29+02:00",
      "releaseTime": "2009-05-17T00:00:00+02:00",
      "type": "old_alpha"
    },
    {
      "id": "rd-161348",
      "time": "2013-08-07T11:09:29+02:00",
      "releaseTime": "2009-05-16T13:48:00+02:00",
      "type": "old_alpha"
    },
    {
      "id": "rd-160052",
      "time": "2013-08-07T11:09:29+02:00",
      "releaseTime": "2009-05-16T00:52:00+02:00",
      "type": "old_alpha"
    },
    {
      "id": "rd-132328",
      "time": "2013-08-07T11:09:29+02:00",
      "releaseTime": "2009-05-13T23:28:00+02:00",
      "type": "old_alpha"
    },
    {
      "id": "rd-132211",
      "time": "2013-08-07T11:09:29+02:00",
      "releaseTime": "2009-05-13T22:11:00+02:00",
      "type": "old_alpha"
    }
  ]
}
